tender_id,is_fraud,fraud_type,ring_id
T00000,0,clean,
T00001,0,clean,
T00002,0,clean,
T00003,0,clean,
T00004,0,clean,
T00005,0,clean,
T00006,0,clean,
T00007,0,clean,
T00008,0,clean,
T00009,0,clean,
T00010,0,clean,
T00011,0,clean,
T00012,0,clean,
T00013,0,clean,
T00014,0,clean,
T00015,0,clean,
T00016,1,round_number_abuse,
T00017,0,clean,
T00018,0,clean,
T00019,0,clean,
T00020,0,clean,
T00021,0,clean,
T00022,0,clean,
T00023,0,clean,
T00024,0,clean,
T00025,0,clean,
T00026,0,clean,
T00027,0,clean,
T00028,0,clean,
T00029,0,clean,
T00030,0,clean,
T00031,0,clean,
T00032,0,clean,
T00033,0,clean,
T00034,0,clean,
T00035,0,clean,
T00037,0,clean,
T00038,0,clean,
T00039,0,clean,
T00040,0,clean,
T00041,0,clean,
T00042,0,clean,
T00043,0,clean,
T00044,0,clean,
T00045,0,clean,
T00046,0,clean,
T00047,0,clean,
T00048,0,clean,
T00049,0,clean,
T00050,0,clean,
T00051,0,clean,
T00052,0,clean,
T00053,0,clean,
T00054,0,clean,
T00055,0,clean,
T00056,0,clean,
T00057,0,clean,
T00058,0,clean,
T00059,0,clean,
T00060,0,clean,
T00061,0,clean,
T00062,0,clean,
T00063,0,clean,
T00064,0,clean,
T00065,0,clean,
T00066,0,clean,
T00067,0,clean,
T00068,0,clean,
T00069,0,clean,
T00070,1,employee_collusion,COLL004
T00071,0,clean,
T00072,1,bid_rigging_cartel,CARTEL000
T00073,0,clean,
T00074,0,clean,
T00075,0,clean,
T00076,0,clean,
T00077,0,clean,
T00078,0,clean,
T00079,1,employee_collusion,COLL003
T00080,0,clean,
T00081,0,clean,
T00082,0,clean,
T00083,0,clean,
T00084,1,bid_rigging_cartel,CARTEL001
T00085,0,clean,
T00086,0,clean,
T00087,0,clean,
T00088,0,clean,
T00089,0,clean,
T00090,0,clean,
T00091,0,clean,
T00092,0,clean,
T00094,0,clean,
T00095,0,clean,
T00096,0,clean,
T00097,1,employee_collusion,COLL005
T00098,0,clean,
T00099,0,clean,
T00100,0,clean,
T00101,0,clean,
T00102,0,clean,
T00103,0,clean,
T00104,0,clean,
T00105,0,clean,
T00106,0,clean,
T00107,0,clean,
T00108,0,clean,
T00109,0,clean,
T00110,0,clean,
T00111,0,clean,
T00112,0,clean,
T00113,0,clean,
T00114,0,clean,
T00115,0,clean,
T00116,0,clean,
T00117,0,clean,
T00118,0,clean,
T00119,0,clean,
T00120,0,clean,
T00121,0,clean,
T00122,0,clean,
T00123,0,clean,
T00124,0,clean,
T00125,0,clean,
T00126,0,clean,
T00127,0,clean,
T00128,0,clean,
T00129,0,clean,
T00130,0,clean,
T00131,0,clean,
T00132,0,clean,
T00133,0,clean,
T00134,0,clean,
T00135,0,clean,
T00136,0,clean,
T00137,0,clean,
T00138,0,clean,
T00139,0,clean,
T00140,0,clean,
T00141,0,clean,
T00142,0,clean,
T00143,0,clean,
T00144,0,clean,
T00145,0,clean,
T00146,0,clean,
T00147,0,clean,
T00148,0,clean,
T00149,0,clean,
T00150,0,clean,
T00151,0,clean,
T00152,1,round_number_abuse,
T00153,0,clean,
T00154,0,clean,
T00155,0,clean,
T00156,0,clean,
T00157,0,clean,
T00158,0,clean,
T00159,0,clean,
T00160,0,clean,
T00161,0,clean,
T00162,0,clean,
T00163,0,clean,
T00164,0,clean,
T00165,0,clean,
T00166,0,clean,
T00167,0,clean,
T00168,0,clean,
T00169,1,employee_collusion,COLL004
T00170,0,clean,
T00171,0,clean,
T00172,0,clean,
T00173,0,clean,
T00174,0,clean,
T00175,0,clean,
T00176,0,clean,
T00177,0,clean,
T00178,0,clean,
T00179,0,clean,
T00180,0,clean,
T00181,0,clean,
T00182,0,clean,
T00183,0,clean,
T00184,0,clean,
T00185,0,clean,
T00186,0,clean,
T00187,0,clean,
T00188,0,clean,
T00189,0,clean,
T00190,0,clean,
T00191,0,clean,
T00192,0,clean,
T00193,1,bid_rigging_cartel,CARTEL001
T00194,0,clean,
T00195,0,clean,
T00196,0,clean,
T00197,0,clean,
T00198,0,clean,
T00199,0,clean,
T00200,0,clean,
T00201,0,clean,
T00202,0,clean,
T00203,0,clean,
T00204,0,clean,
T00205,0,clean,
T00206,0,clean,
T00207,0,clean,
T00208,0,clean,
T00209,0,clean,
T00210,1,bid_rigging_cartel,CARTEL000
T00211,0,clean,
T00212,0,clean,
T00213,0,clean,
T00214,0,clean,
T00215,0,clean,
T00216,0,clean,
T00217,0,clean,
T00218,0,clean,
T00219,0,clean,
T00220,0,clean,
T00221,0,clean,
T00222,0,clean,
T00223,0,clean,
T00224,0,clean,
T00225,0,clean,
T00226,0,clean,
T00227,1,bid_rigging_cartel,CARTEL000
T00228,0,clean,
T00229,0,clean,
T00230,0,clean,
T00231,0,clean,
T00232,0,clean,
T00234,0,clean,
T00235,0,clean,
T00236,0,clean,
T00237,0,clean,
T00238,0,clean,
T00239,0,clean,
T00240,0,clean,
T00241,0,clean,
T00242,0,clean,
T00243,0,clean,
T00244,0,clean,
T00245,0,clean,
T00246,0,clean,
T00247,0,clean,
T00248,0,clean,
T00249,0,clean,
T00250,0,clean,
T00251,0,clean,
T00252,0,clean,
T00253,0,clean,
T00254,0,clean,
T00255,0,clean,
T00256,0,clean,
T00257,0,clean,
T00258,0,clean,
T00259,0,clean,
T00260,0,clean,
T00261,0,clean,
T00262,0,clean,
T00263,0,clean,
T00264,0,clean,
T00265,0,clean,
T00266,0,clean,
T00267,0,clean,
T00268,0,clean,
T00269,0,clean,
T00270,0,clean,
T00271,0,clean,
T00272,0,clean,
T00273,0,clean,
T00274,0,clean,
T00275,0,clean,
T00276,0,clean,
T00277,0,clean,
T00278,0,clean,
T00279,0,clean,
T00280,0,clean,
T00281,0,clean,
T00282,0,clean,
T00283,1,bid_rigging_cartel,CARTEL000
T00284,1,bid_rigging_cartel,CARTEL000
T00285,0,clean,
T00286,0,clean,
T00287,0,clean,
T00288,0,clean,
T00289,0,clean,
T00290,0,clean,
T00291,0,clean,
T00292,0,clean,
T00293,0,clean,
T00294,0,clean,
T00295,0,clean,
T00296,0,clean,
T00297,0,clean,
T00298,0,clean,
T00299,0,clean,
T00300,0,clean,
T00301,0,clean,
T00302,0,clean,
T00303,0,clean,
T00304,0,clean,
T00305,0,clean,
T00306,0,clean,
T00307,0,clean,
T00308,0,clean,
T00309,0,clean,
T00310,0,clean,
T00311,0,clean,
T00312,0,clean,
T00313,0,clean,
T00314,0,clean,
T00315,0,clean,
T00316,0,clean,
T00317,1,round_number_abuse,
T00318,0,clean,
T00319,0,clean,
T00320,0,clean,
T00321,0,clean,
T00322,1,round_number_abuse,
T00323,0,clean,
T00324,0,clean,
T00325,0,clean,
T00326,0,clean,
T00327,0,clean,
T00328,0,clean,
T00329,0,clean,
T00330,0,clean,
T00331,0,clean,
T00332,0,clean,
T00333,0,clean,
T00334,0,clean,
T00335,0,clean,
T00336,0,clean,
T00337,1,bid_rigging_cartel,CARTEL000
T00338,0,clean,
T00339,0,clean,
T00340,0,clean,
T00341,0,clean,
T00342,0,clean,
T00343,0,clean,
T00344,0,clean,
T00345,0,clean,
T00346,0,clean,
T00347,0,clean,
T00348,0,clean,
T00349,1,bid_rigging_cartel,CARTEL000
T00350,0,clean,
T00352,0,clean,
T00353,0,clean,
T00354,0,clean,
T00355,0,clean,
T00356,0,clean,
T00357,0,clean,
T00358,0,clean,
T00359,0,clean,
T00360,0,clean,
T00361,0,clean,
T00362,0,clean,
T00363,0,clean,
T00364,0,clean,
T00365,0,clean,
T00366,0,clean,
T00367,0,clean,
T00368,0,clean,
T00369,0,clean,
T00370,0,clean,
T00371,0,clean,
T00372,0,clean,
T00373,0,clean,
T00374,0,clean,
T00375,0,clean,
T00376,0,clean,
T00377,0,clean,
T00378,0,clean,
T00379,0,clean,
T00380,0,clean,
T00381,0,clean,
T00382,0,clean,
T00383,0,clean,
T00384,0,clean,
T00385,0,clean,
T00386,0,clean,
T00387,0,clean,
T00388,0,clean,
T00389,0,clean,
T00390,0,clean,
T00391,0,clean,
T00392,0,clean,
T00393,0,clean,
T00394,0,clean,
T00395,0,clean,
T00396,0,clean,
T00397,0,clean,
T00398,0,clean,
T00399,0,clean,
T00400,0,clean,
T00401,0,clean,
T00402,0,clean,
T00403,0,clean,
T00404,0,clean,
T00405,0,clean,
T00406,0,clean,
T00407,0,clean,
T00408,0,clean,
T00409,0,clean,
T00410,0,clean,
T00411,0,clean,
T00412,0,clean,
T00413,0,clean,
T00414,0,clean,
T00416,0,clean,
T00417,0,clean,
T00418,0,clean,
T00419,0,clean,
T00420,0,clean,
T00421,0,clean,
T00422,0,clean,
T00423,0,clean,
T00424,0,clean,
T00425,0,clean,
T00426,0,clean,
T00427,1,bid_rigging_cartel,CARTEL001
T00428,0,clean,
T00429,0,clean,
T00430,0,clean,
T00431,0,clean,
T00432,0,clean,
T00433,0,clean,
T00434,0,clean,
T00435,0,clean,
T00436,0,clean,
T00437,0,clean,
T00438,0,clean,
T00439,0,clean,
T00440,0,clean,
T00441,0,clean,
T00442,0,clean,
T00443,0,clean,
T00444,0,clean,
T00445,0,clean,
T00446,0,clean,
T00447,0,clean,
T00448,0,clean,
T00449,0,clean,
T00450,0,clean,
T00451,0,clean,
T00452,0,clean,
T00453,0,clean,
T00454,0,clean,
T00455,0,clean,
T00456,0,clean,
T00457,0,clean,
T00459,0,clean,
T00460,0,clean,
T00461,0,clean,
T00462,0,clean,
T00463,0,clean,
T00464,0,clean,
T00465,0,clean,
T00466,0,clean,
T00467,0,clean,
T00468,0,clean,
T00469,0,clean,
T00470,0,clean,
T00471,0,clean,
T00472,0,clean,
T00473,0,clean,
T00474,0,clean,
T00475,0,clean,
T00476,0,clean,
T00477,0,clean,
T00478,0,clean,
T00479,0,clean,
T00480,0,clean,
T00481,0,clean,
T00482,1,employee_collusion,COLL002
T00483,0,clean,
T00484,0,clean,
T00485,0,clean,
T00486,0,clean,
T00487,0,clean,
T00488,0,clean,
T00489,0,clean,
T00490,0,clean,
T00491,0,clean,
T00492,0,clean,
T00493,0,clean,
T00494,0,clean,
T00495,0,clean,
T00496,0,clean,
T00498,0,clean,
T00499,0,clean,
T00500,0,clean,
T00501,0,clean,
T00503,1,round_number_abuse,
T00504,0,clean,
T00505,0,clean,
T00506,0,clean,
T00507,0,clean,
T00508,0,clean,
T00509,0,clean,
T00510,0,clean,
T00511,0,clean,
T00512,0,clean,
T00513,0,clean,
T00514,0,clean,
T00515,0,clean,
T00516,0,clean,
T00517,0,clean,
T00518,0,clean,
T00519,0,clean,
T00520,0,clean,
T00521,0,clean,
T00522,0,clean,
T00523,0,clean,
T00524,0,clean,
T00525,0,clean,
T00526,0,clean,
T00528,0,clean,
T00529,0,clean,
T00530,1,employee_collusion,COLL001
T00531,0,clean,
T00532,0,clean,
T00533,0,clean,
T00534,0,clean,
T00535,0,clean,
T00536,0,clean,
T00537,0,clean,
T00538,0,clean,
T00539,0,clean,
T00540,0,clean,
T00541,0,clean,
T00542,0,clean,
T00543,0,clean,
T00544,0,clean,
T00545,0,clean,
T00546,0,clean,
T00547,0,clean,
T00548,0,clean,
T00549,0,clean,
T00550,0,clean,
T00551,0,clean,
T00552,0,clean,
T00553,0,clean,
T00554,0,clean,
T00555,0,clean,
T00556,0,clean,
T00557,0,clean,
T00558,0,clean,
T00559,0,clean,
T00560,0,clean,
T00561,0,clean,
T00562,0,clean,
T00563,0,clean,
T00564,0,clean,
T00565,0,clean,
T00566,0,clean,
T00567,0,clean,
T00568,0,clean,
T00569,0,clean,
T00570,0,clean,
T00571,0,clean,
T00572,0,clean,
T00573,0,clean,
T00574,0,clean,
T00575,0,clean,
T00576,0,clean,
T00577,0,clean,
T00578,0,clean,
T00579,0,clean,
T00580,0,clean,
T00581,0,clean,
T00582,0,clean,
T00583,0,clean,
T00584,0,clean,
T00585,0,clean,
T00586,0,clean,
T00587,0,clean,
T00588,0,clean,
T00589,1,employee_collusion|round_number_abuse,COLL004
T00590,0,clean,
T00591,0,clean,
T00592,0,clean,
T00593,1,bid_rigging_cartel,CARTEL000
T00594,0,clean,
T00595,0,clean,
T00596,0,clean,
T00597,0,clean,
T00598,0,clean,
T00599,0,clean,
T00600,0,clean,
T00601,0,clean,
T00602,0,clean,
T00603,0,clean,
T00604,0,clean,
T00605,0,clean,
T00606,0,clean,
T00607,0,clean,
T00608,0,clean,
T00609,0,clean,
T00610,0,clean,
T00611,0,clean,
T00612,0,clean,
T00613,0,clean,
T00614,0,clean,
T00615,0,clean,
T00616,0,clean,
T00617,0,clean,
T00618,0,clean,
T00619,0,clean,
T00620,0,clean,
T00621,0,clean,
T00622,0,clean,
T00623,0,clean,
T00624,0,clean,
T00625,0,clean,
T00626,1,bid_rigging_cartel,CARTEL001
T00627,0,clean,
T00628,0,clean,
T00629,0,clean,
T00630,0,clean,
T00631,0,clean,
T00632,0,clean,
T00633,0,clean,
T00634,0,clean,
T00635,0,clean,
T00636,0,clean,
T00637,0,clean,
T00638,0,clean,
T00639,0,clean,
T00640,0,clean,
T00641,0,clean,
T00642,0,clean,
T00643,1,employee_collusion,COLL000
T00644,0,clean,
T00645,0,clean,
T00646,0,clean,
T00647,0,clean,
T00648,0,clean,
T00649,0,clean,
T00650,0,clean,
T00651,0,clean,
T00652,0,clean,
T00653,0,clean,
T00654,0,clean,
T00655,0,clean,
T00656,0,clean,
T00657,0,clean,
T00658,0,clean,
T00659,0,clean,
T00660,0,clean,
T00661,0,clean,
T00662,0,clean,
T00663,0,clean,
T00664,0,clean,
T00665,0,clean,
T00666,0,clean,
T00667,0,clean,
T00668,0,clean,
T00669,0,clean,
T00670,0,clean,
T00671,0,clean,
T00672,0,clean,
T00673,0,clean,
T00674,0,clean,
T00675,0,clean,
T00676,0,clean,
T00677,0,clean,
T00678,0,clean,
T00679,0,clean,
T00680,0,clean,
T00681,0,clean,
T00682,0,clean,
T00683,0,clean,
T00684,0,clean,
T00685,0,clean,
T00686,1,employee_collusion,COLL003
T00687,0,clean,
T00688,1,bid_rigging_cartel,CARTEL001
T00689,0,clean,
T00690,0,clean,
T00691,0,clean,
T00692,0,clean,
T00693,1,bid_rigging_cartel,CARTEL000
T00694,0,clean,
T00695,0,clean,
T00696,0,clean,
T00697,0,clean,
T00698,0,clean,
T00699,0,clean,
T00700,0,clean,
T00701,0,clean,
T00702,0,clean,
T00703,0,clean,
T00704,0,clean,
T00705,0,clean,
T00706,0,clean,
T00707,0,clean,
T00708,0,clean,
T00709,0,clean,
T00710,0,clean,
T00711,0,clean,
T00712,0,clean,
T00713,0,clean,
T00714,0,clean,
T00715,0,clean,
T00717,0,clean,
T00718,0,clean,
T00719,0,clean,
T00720,0,clean,
T00721,0,clean,
T00722,0,clean,
T00723,0,clean,
T00724,0,clean,
T00725,0,clean,
T00726,1,employee_collusion,COLL000
T00727,0,clean,
T00728,0,clean,
T00729,0,clean,
T00730,0,clean,
T00731,0,clean,
T00732,1,bid_rigging_cartel,CARTEL000
T00733,0,clean,
T00734,0,clean,
T00735,0,clean,
T00736,0,clean,
T00737,0,clean,
T00738,0,clean,
T00739,0,clean,
T00740,1,bid_rigging_cartel,CARTEL000
T00741,0,clean,
T00742,0,clean,
T00743,0,clean,
T00744,0,clean,
T00745,1,bid_rigging_cartel,CARTEL000
T00746,0,clean,
T00747,0,clean,
T00748,0,clean,
T00749,0,clean,
T00750,0,clean,
T00751,0,clean,
T00752,1,bid_rigging_cartel,CARTEL001
T00753,0,clean,
T00754,0,clean,
T00755,0,clean,
T00756,0,clean,
T00757,0,clean,
T00758,0,clean,
T00759,0,clean,
T00760,0,clean,
T00761,0,clean,
T00762,0,clean,
T00763,1,bid_rigging_cartel,CARTEL001
T00764,0,clean,
T00765,0,clean,
T00766,0,clean,
T00767,0,clean,
T00768,0,clean,
T00769,0,clean,
T00770,0,clean,
T00771,0,clean,
T00772,0,clean,
T00773,0,clean,
T00774,0,clean,
T00775,0,clean,
T00776,0,clean,
T00777,0,clean,
T00778,0,clean,
T00779,0,clean,
T00780,0,clean,
T00781,0,clean,
T00782,0,clean,
T00783,0,clean,
T00784,0,clean,
T00785,0,clean,
T00786,0,clean,
T00787,0,clean,
T00788,0,clean,
T00789,0,clean,
T00790,0,clean,
T00791,0,clean,
T00792,0,clean,
T00793,0,clean,
T00794,0,clean,
T00795,0,clean,
T00796,0,clean,
T00797,0,clean,
T00798,0,clean,
T00799,0,clean,
T00800,0,clean,
T00801,0,clean,
T00802,0,clean,
T00803,0,clean,
T00804,0,clean,
T00805,0,clean,
T00806,0,clean,
T00807,0,clean,
T00808,0,clean,
T00809,0,clean,
T00810,0,clean,
T00811,0,clean,
T00812,0,clean,
T00813,0,clean,
T00814,0,clean,
T00815,0,clean,
T00816,0,clean,
T00817,0,clean,
T00818,0,clean,
T00819,0,clean,
T00820,0,clean,
T00821,0,clean,
T00822,0,clean,
T00823,0,clean,
T00824,0,clean,
T00825,0,clean,
T00826,0,clean,
T00827,0,clean,
T00829,0,clean,
T00830,0,clean,
T00831,0,clean,
T00833,0,clean,
T00834,0,clean,
T00835,0,clean,
T00836,0,clean,
T00837,0,clean,
T00838,0,clean,
T00839,0,clean,
T00840,0,clean,
T00841,0,clean,
T00842,0,clean,
T00843,0,clean,
T00844,0,clean,
T00845,0,clean,
T00846,0,clean,
T00847,0,clean,
T00848,0,clean,
T00849,0,clean,
T00850,0,clean,
T00851,0,clean,
T00852,0,clean,
T00853,0,clean,
T00854,0,clean,
T00855,0,clean,
T00856,0,clean,
T00857,0,clean,
T00858,0,clean,
T00859,0,clean,
T00861,0,clean,
T00862,0,clean,
T00863,0,clean,
T00864,0,clean,
T00865,0,clean,
T00866,0,clean,
T00867,0,clean,
T00868,0,clean,
T00869,0,clean,
T00870,0,clean,
T00871,0,clean,
T00873,0,clean,
T00874,0,clean,
T00875,0,clean,
T00876,0,clean,
T00877,0,clean,
T00878,0,clean,
T00879,0,clean,
T00880,0,clean,
T00881,0,clean,
T00882,0,clean,
T00883,0,clean,
T00884,0,clean,
T00885,0,clean,
T00886,0,clean,
T00887,0,clean,
T00888,0,clean,
T00889,0,clean,
T00890,0,clean,
T00891,0,clean,
T00892,0,clean,
T00893,0,clean,
T00894,0,clean,
T00895,0,clean,
T00896,0,clean,
T00897,0,clean,
T00898,0,clean,
T00899,1,round_number_abuse,
T00900,0,clean,
T00901,0,clean,
T00902,0,clean,
T00903,0,clean,
T00904,0,clean,
T00905,0,clean,
T00906,0,clean,
T00907,0,clean,
T00908,0,clean,
T00909,0,clean,
T00910,0,clean,
T00911,0,clean,
T00912,0,clean,
T00913,0,clean,
T00914,0,clean,
T00915,1,employee_collusion,COLL003
T00916,0,clean,
T00917,0,clean,
T00918,0,clean,
T00919,0,clean,
T00920,0,clean,
T00921,0,clean,
T00922,0,clean,
T00923,0,clean,
T00924,0,clean,
T00925,0,clean,
T00926,0,clean,
T00927,0,clean,
T00928,0,clean,
T00929,0,clean,
T00930,0,clean,
T00931,0,clean,
T00932,0,clean,
T00933,0,clean,
T00934,0,clean,
T00935,0,clean,
T00936,0,clean,
T00937,0,clean,
T00938,0,clean,
T00939,0,clean,
T00940,0,clean,
T00941,0,clean,
T00942,1,employee_collusion,COLL004
T00943,0,clean,
T00944,0,clean,
T00945,0,clean,
T00946,0,clean,
T00947,0,clean,
T00948,0,clean,
T00949,0,clean,
T00950,0,clean,
T00951,0,clean,
T00952,0,clean,
T00953,0,clean,
T00954,0,clean,
T00955,0,clean,
T00956,0,clean,
T00957,0,clean,
T00958,0,clean,
T00959,0,clean,
T00960,0,clean,
T00961,0,clean,
T00962,0,clean,
T00963,0,clean,
T00964,0,clean,
T00965,0,clean,
T00966,0,clean,
T00967,0,clean,
T00968,0,clean,
T00969,0,clean,
T00970,0,clean,
T00971,0,clean,
T00972,0,clean,
T00973,0,clean,
T00974,0,clean,
T00975,0,clean,
T00976,0,clean,
T00977,0,clean,
T00978,0,clean,
T00979,0,clean,
T00980,0,clean,
T00981,0,clean,
T00982,0,clean,
T00983,0,clean,
T00984,0,clean,
T00985,0,clean,
T00986,0,clean,
T00987,0,clean,
T00988,0,clean,
T00989,0,clean,
T00990,0,clean,
T00991,0,clean,
T00992,0,clean,
T00993,0,clean,
T00994,0,clean,
T00995,1,round_number_abuse,
T00996,0,clean,
T00997,1,round_number_abuse,
T00998,0,clean,
T00999,0,clean,
T01000,0,clean,
T01001,0,clean,
T01002,0,clean,
T01003,0,clean,
T01004,0,clean,
T01005,0,clean,
T01006,0,clean,
T01007,0,clean,
T01008,0,clean,
T01009,0,clean,
T01010,0,clean,
T01011,0,clean,
T01012,0,clean,
T01013,0,clean,
T01014,0,clean,
T01015,0,clean,
T01016,0,clean,
T01017,0,clean,
T01018,0,clean,
T01019,0,clean,
T01020,0,clean,
T01021,0,clean,
T01022,0,clean,
T01023,0,clean,
T01024,0,clean,
T01025,0,clean,
T01026,1,bid_rigging_cartel,CARTEL001
T01027,0,clean,
T01028,0,clean,
T01029,0,clean,
T01030,0,clean,
T01031,0,clean,
T01032,0,clean,
T01033,0,clean,
T01034,0,clean,
T01035,0,clean,
T01036,0,clean,
T01037,0,clean,
T01038,0,clean,
T01039,0,clean,
T01040,0,clean,
T01041,0,clean,
T01042,0,clean,
T01043,0,clean,
T01044,1,bid_rigging_cartel,CARTEL000
T01045,0,clean,
T01046,0,clean,
T01047,0,clean,
T01048,0,clean,
T01049,0,clean,
T01050,0,clean,
T01051,0,clean,
T01052,0,clean,
T01053,0,clean,
T01054,0,clean,
T01055,0,clean,
T01056,0,clean,
T01057,0,clean,
T01058,0,clean,
T01059,0,clean,
T01060,0,clean,
T01061,0,clean,
T01062,0,clean,
T01063,0,clean,
T01064,0,clean,
T01065,0,clean,
T01066,0,clean,
T01067,0,clean,
T01068,0,clean,
T01069,0,clean,
T01070,0,clean,
T01071,0,clean,
T01072,0,clean,
T01073,0,clean,
T01074,0,clean,
T01075,0,clean,
T01076,0,clean,
T01077,0,clean,
T01078,0,clean,
T01079,0,clean,
T01080,0,clean,
T01081,0,clean,
T01082,0,clean,
T01083,0,clean,
T01084,0,clean,
T01085,0,clean,
T01086,0,clean,
T01087,0,clean,
T01088,0,clean,
T01089,0,clean,
T01090,0,clean,
T01091,0,clean,
T01092,0,clean,
T01093,0,clean,
T01094,0,clean,
T01095,0,clean,
T01096,0,clean,
T01097,0,clean,
T01098,0,clean,
T01099,0,clean,
T01100,0,clean,
T01101,0,clean,
T01102,0,clean,
T01103,0,clean,
T01104,0,clean,
T01105,0,clean,
T01106,0,clean,
T01107,0,clean,
T01108,0,clean,
T01109,0,clean,
T01110,0,clean,
T01111,0,clean,
T01112,0,clean,
T01113,0,clean,
T01114,0,clean,
T01115,0,clean,
T01116,0,clean,
T01117,0,clean,
T01118,0,clean,
T01119,0,clean,
T01120,0,clean,
T01121,0,clean,
T01122,0,clean,
T01123,0,clean,
T01124,0,clean,
T01125,1,bid_rigging_cartel,CARTEL000
T01126,0,clean,
T01127,0,clean,
T01128,0,clean,
T01129,0,clean,
T01130,0,clean,
T01131,0,clean,
T01132,0,clean,
T01133,0,clean,
T01134,0,clean,
T01135,0,clean,
T01136,0,clean,
T01137,0,clean,
T01138,0,clean,
T01139,0,clean,
T01140,0,clean,
T01141,0,clean,
T01142,0,clean,
T01143,0,clean,
T01144,0,clean,
T01145,0,clean,
T01146,1,employee_collusion,COLL000
T01147,0,clean,
T01148,0,clean,
T01149,0,clean,
T01150,0,clean,
T01151,0,clean,
T01152,0,clean,
T01153,0,clean,
T01154,0,clean,
T01155,0,clean,
T01156,0,clean,
T01157,0,clean,
T01158,0,clean,
T01159,0,clean,
T01160,0,clean,
T01161,0,clean,
T01162,0,clean,
T01163,0,clean,
T01164,0,clean,
T01165,0,clean,
T01166,0,clean,
T01167,0,clean,
T01168,0,clean,
T01169,0,clean,
T01170,1,employee_collusion,COLL003
T01171,0,clean,
T01172,0,clean,
T01173,0,clean,
T01174,0,clean,
T01175,0,clean,
T01176,0,clean,
T01177,0,clean,
T01178,0,clean,
T01179,0,clean,
T01180,0,clean,
T01181,0,clean,
T01182,0,clean,
T01183,0,clean,
T01184,0,clean,
T01185,0,clean,
T01186,0,clean,
T01187,0,clean,
T01188,0,clean,
T01189,0,clean,
T01190,0,clean,
T01191,0,clean,
T01192,0,clean,
T01193,0,clean,
T01194,0,clean,
T01195,0,clean,
T01196,0,clean,
T01197,0,clean,
T01198,0,clean,
T01199,0,clean,
T01200,0,clean,
T01201,1,employee_collusion,COLL002
T01202,0,clean,
T01203,0,clean,
T01204,0,clean,
T01205,0,clean,
T01206,0,clean,
T01207,0,clean,
T01208,0,clean,
T01209,0,clean,
T01210,0,clean,
T01211,1,bid_rigging_cartel,CARTEL001
T01212,0,clean,
T01213,0,clean,
T01214,0,clean,
T01215,0,clean,
T01216,0,clean,
T01217,0,clean,
T01218,0,clean,
T01219,0,clean,
T01220,1,bid_rigging_cartel,CARTEL000
T01221,0,clean,
T01222,0,clean,
T01223,0,clean,
T01224,0,clean,
T01225,0,clean,
T01226,0,clean,
T01227,0,clean,
T01228,0,clean,
T01229,0,clean,
T01230,0,clean,
T01231,0,clean,
T01232,0,clean,
T01233,0,clean,
T01234,0,clean,
T01235,0,clean,
T01236,0,clean,
T01237,0,clean,
T01238,0,clean,
T01239,0,clean,
T01240,0,clean,
T01241,0,clean,
T01242,0,clean,
T01243,0,clean,
T01244,0,clean,
T01245,0,clean,
T01246,0,clean,
T01247,0,clean,
T01248,0,clean,
T01249,0,clean,
T01250,0,clean,
T01251,0,clean,
T01252,0,clean,
T01253,0,clean,
T01254,1,round_number_abuse,
T01255,0,clean,
T01258,0,clean,
T01259,0,clean,
T01260,0,clean,
T01261,0,clean,
T01262,0,clean,
T01263,0,clean,
T01264,0,clean,
T01265,0,clean,
T01266,0,clean,
T01267,0,clean,
T01268,1,bid_rigging_cartel,CARTEL000
T01269,0,clean,
T01270,0,clean,
T01271,0,clean,
T01272,0,clean,
T01273,0,clean,
T01274,0,clean,
T01275,0,clean,
T01276,0,clean,
T01277,0,clean,
T01278,0,clean,
T01279,0,clean,
T01280,0,clean,
T01281,0,clean,
T01282,0,clean,
T01283,1,bid_rigging_cartel,CARTEL001
T01284,0,clean,
T01285,0,clean,
T01286,0,clean,
T01287,0,clean,
T01288,0,clean,
T01289,0,clean,
T01290,0,clean,
T01291,0,clean,
T01292,0,clean,
T01293,0,clean,
T01294,0,clean,
T01295,0,clean,
T01296,0,clean,
T01297,0,clean,
T01298,0,clean,
T01299,0,clean,
T01300,0,clean,
T01301,0,clean,
T01302,1,employee_collusion,COLL003
T01303,0,clean,
T01304,0,clean,
T01305,0,clean,
T01306,1,round_number_abuse,
T01307,1,employee_collusion,COLL005
T01308,0,clean,
T01309,0,clean,
T01310,0,clean,
T01311,0,clean,
T01312,0,clean,
T01313,0,clean,
T01314,0,clean,
T01315,0,clean,
T01316,0,clean,
T01317,0,clean,
T01318,0,clean,
T01319,0,clean,
T01320,0,clean,
T01321,0,clean,
T01322,0,clean,
T01323,1,employee_collusion,COLL005
T01324,0,clean,
T01325,0,clean,
T01326,0,clean,
T01327,0,clean,
T01328,0,clean,
T01329,0,clean,
T01330,0,clean,
T01331,0,clean,
T01332,0,clean,
T01333,0,clean,
T01334,0,clean,
T01335,0,clean,
T01337,0,clean,
T01338,0,clean,
T01339,0,clean,
T01340,0,clean,
T01341,0,clean,
T01342,0,clean,
T01343,0,clean,
T01344,0,clean,
T01345,0,clean,
T01346,0,clean,
T01347,0,clean,
T01348,0,clean,
T01349,0,clean,
T01350,0,clean,
T01351,0,clean,
T01352,0,clean,
T01353,0,clean,
T01354,0,clean,
T01355,0,clean,
T01356,0,clean,
T01357,0,clean,
T01358,0,clean,
T01359,0,clean,
T01360,0,clean,
T01361,1,round_number_abuse,
T01362,0,clean,
T01363,0,clean,
T01364,0,clean,
T01365,0,clean,
T01366,0,clean,
T01367,0,clean,
T01368,0,clean,
T01369,0,clean,
T01370,0,clean,
T01371,0,clean,
T01372,0,clean,
T01373,0,clean,
T01374,0,clean,
T01375,0,clean,
T01376,0,clean,
T01377,0,clean,
T01378,0,clean,
T01379,0,clean,
T01380,0,clean,
T01381,0,clean,
T01382,0,clean,
T01383,0,clean,
T01384,0,clean,
T01385,0,clean,
T01386,0,clean,
T01387,0,clean,
T01388,0,clean,
T01389,0,clean,
T01390,0,clean,
T01391,0,clean,
T01392,0,clean,
T01393,0,clean,
T01394,0,clean,
T01395,0,clean,
T01396,0,clean,
T01397,0,clean,
T01398,0,clean,
T01399,0,clean,
T01400,0,clean,
T01401,0,clean,
T01402,0,clean,
T01403,0,clean,
T01404,0,clean,
T01405,0,clean,
T01406,0,clean,
T01407,0,clean,
T01408,0,clean,
T01409,0,clean,
T01410,0,clean,
T01411,0,clean,
T01412,0,clean,
T01413,0,clean,
T01414,0,clean,
T01415,0,clean,
T01416,0,clean,
T01417,0,clean,
T01418,0,clean,
T01419,0,clean,
T01420,0,clean,
T01421,0,clean,
T01422,0,clean,
T01423,0,clean,
T01424,0,clean,
T01425,0,clean,
T01426,0,clean,
T01427,0,clean,
T01428,0,clean,
T01429,0,clean,
T01430,0,clean,
T01431,0,clean,
T01432,0,clean,
T01433,0,clean,
T01434,0,clean,
T01435,0,clean,
T01436,0,clean,
T01437,0,clean,
T01438,0,clean,
T01439,0,clean,
T01440,0,clean,
T01441,0,clean,
T01442,0,clean,
T01443,0,clean,
T01444,0,clean,
T01445,0,clean,
T01446,0,clean,
T01447,0,clean,
T01448,0,clean,
T01449,0,clean,
T01450,1,bid_rigging_cartel,CARTEL001
T01451,0,clean,
T01452,0,clean,
T01453,0,clean,
T01454,0,clean,
T01455,0,clean,
T01456,0,clean,
T01457,0,clean,
T01458,0,clean,
T01459,0,clean,
T01460,0,clean,
T01461,0,clean,
T01462,0,clean,
T01463,0,clean,
T01464,0,clean,
T01465,0,clean,
T01466,0,clean,
T01467,0,clean,
T01468,0,clean,
T01469,0,clean,
T01470,0,clean,
T01471,0,clean,
T01472,0,clean,
T01473,0,clean,
T01474,0,clean,
T01475,0,clean,
T01476,0,clean,
T01477,0,clean,
T01478,0,clean,
T01479,0,clean,
T01480,1,bid_rigging_cartel,CARTEL001
T01481,0,clean,
T01482,0,clean,
T01483,0,clean,
T01484,0,clean,
T01485,0,clean,
T01486,0,clean,
T01487,0,clean,
T01488,0,clean,
T01489,0,clean,
T01490,0,clean,
T01491,0,clean,
T01492,0,clean,
T01493,0,clean,
T01494,0,clean,
T01495,0,clean,
T01496,0,clean,
T01497,0,clean,
T01498,0,clean,
T01499,0,clean,
T01500,0,clean,
T01501,0,clean,
T01502,0,clean,
T01503,0,clean,
T01504,0,clean,
T01505,0,clean,
T01506,0,clean,
T01507,0,clean,
T01508,0,clean,
T01509,0,clean,
T01510,0,clean,
T01511,0,clean,
T01512,0,clean,
T01513,0,clean,
T01514,0,clean,
T01515,0,clean,
T01516,0,clean,
T01517,0,clean,
T01518,0,clean,
T01519,0,clean,
T01520,0,clean,
T01521,0,clean,
T01522,0,clean,
T01523,0,clean,
T01524,0,clean,
T01525,0,clean,
T01526,0,clean,
T01527,0,clean,
T01528,0,clean,
T01529,0,clean,
T01530,0,clean,
T01531,0,clean,
T01532,0,clean,
T01533,0,clean,
T01534,0,clean,
T01535,0,clean,
T01536,0,clean,
T01537,0,clean,
T01538,0,clean,
T01539,0,clean,
T01540,0,clean,
T01541,0,clean,
T01542,0,clean,
T01543,0,clean,
T01544,0,clean,
T01545,0,clean,
T01546,0,clean,
T01547,0,clean,
T01548,0,clean,
T01549,0,clean,
T01550,0,clean,
T01551,0,clean,
T01552,0,clean,
T01553,0,clean,
T01554,0,clean,
T01555,0,clean,
T01556,0,clean,
T01557,0,clean,
T01558,0,clean,
T01559,0,clean,
T01560,0,clean,
T01561,0,clean,
T01562,0,clean,
T01563,0,clean,
T01564,0,clean,
T01565,0,clean,
T01566,0,clean,
T01567,0,clean,
T01568,0,clean,
T01569,0,clean,
T01570,0,clean,
T01571,0,clean,
T01572,0,clean,
T01573,0,clean,
T01574,0,clean,
T01575,0,clean,
T01576,0,clean,
T01577,0,clean,
T01578,0,clean,
T01579,0,clean,
T01580,0,clean,
T01581,0,clean,
T01582,0,clean,
T01583,0,clean,
T01584,0,clean,
T01585,0,clean,
T01586,0,clean,
T01587,0,clean,
T01588,0,clean,
T01589,0,clean,
T01590,0,clean,
T01591,0,clean,
T01592,0,clean,
T01593,0,clean,
T01594,0,clean,
T01595,0,clean,
T01596,0,clean,
T01597,0,clean,
T01598,0,clean,
T01599,0,clean,
T01600,0,clean,
T01601,0,clean,
T01602,0,clean,
T01603,0,clean,
T01604,0,clean,
T01605,0,clean,
T01606,0,clean,
T01607,0,clean,
T01608,0,clean,
T01609,0,clean,
T01610,0,clean,
T01611,0,clean,
T01612,0,clean,
T01613,0,clean,
T01614,0,clean,
T01615,0,clean,
T01616,0,clean,
T01617,0,clean,
T01618,0,clean,
T01619,0,clean,
T01620,0,clean,
T01621,0,clean,
T01622,0,clean,
T01623,0,clean,
T01624,0,clean,
T01625,0,clean,
T01626,0,clean,
T01627,0,clean,
T01628,0,clean,
T01629,0,clean,
T01630,0,clean,
T01631,0,clean,
T01632,0,clean,
T01633,0,clean,
T01634,0,clean,
T01635,0,clean,
T01636,0,clean,
T01637,0,clean,
T01638,0,clean,
T01639,0,clean,
T01640,0,clean,
T01641,0,clean,
T01642,0,clean,
T01643,0,clean,
T01644,0,clean,
T01645,0,clean,
T01646,0,clean,
T01647,0,clean,
T01648,0,clean,
T01649,0,clean,
T01650,0,clean,
T01651,0,clean,
T01652,0,clean,
T01653,0,clean,
T01654,0,clean,
T01655,0,clean,
T01656,0,clean,
T01657,0,clean,
T01658,0,clean,
T01659,0,clean,
T01660,1,employee_collusion,COLL003
T01661,1,employee_collusion,COLL003
T01662,0,clean,
T01663,0,clean,
T01664,0,clean,
T01665,0,clean,
T01666,0,clean,
T01667,0,clean,
T01668,0,clean,
T01669,0,clean,
T01670,0,clean,
T01671,0,clean,
T01672,0,clean,
T01673,0,clean,
T01674,0,clean,
T01675,1,bid_rigging_cartel,CARTEL000
T01676,0,clean,
T01677,0,clean,
T01678,0,clean,
T01679,0,clean,
T01680,0,clean,
T01681,0,clean,
T01682,0,clean,
T01683,1,round_number_abuse,
T01684,0,clean,
T01685,0,clean,
T01686,0,clean,
T01687,0,clean,
T01688,0,clean,
T01689,0,clean,
T01690,0,clean,
T01691,0,clean,
T01692,0,clean,
T01693,0,clean,
T01694,0,clean,
T01695,0,clean,
T01696,0,clean,
T01697,0,clean,
T01698,0,clean,
T01699,0,clean,
T01700,0,clean,
T01701,0,clean,
T01702,0,clean,
T01703,0,clean,
T01704,0,clean,
T01705,0,clean,
T01706,0,clean,
T01707,0,clean,
T01708,0,clean,
T01709,0,clean,
T01710,0,clean,
T01711,0,clean,
T01712,0,clean,
T01713,0,clean,
T01714,0,clean,
T01715,0,clean,
T01716,0,clean,
T01717,0,clean,
T01718,0,clean,
T01719,0,clean,
T01720,0,clean,
T01721,0,clean,
T01722,0,clean,
T01723,0,clean,
T01724,0,clean,
T01725,0,clean,
T01726,0,clean,
T01727,0,clean,
T01728,0,clean,
T01729,0,clean,
T01730,1,bid_rigging_cartel,CARTEL000
T01731,0,clean,
T01732,0,clean,
T01733,0,clean,
T01734,0,clean,
T01735,0,clean,
T01736,0,clean,
T01737,0,clean,
T01738,0,clean,
T01739,0,clean,
T01740,0,clean,
T01741,0,clean,
T01742,0,clean,
T01743,0,clean,
T01744,0,clean,
T01745,0,clean,
T01746,0,clean,
T01747,0,clean,
T01748,0,clean,
T01749,0,clean,
T01750,0,clean,
T01751,0,clean,
T01752,0,clean,
T01753,1,bid_rigging_cartel,CARTEL000
T01754,0,clean,
T01755,0,clean,
T01756,0,clean,
T01757,0,clean,
T01758,0,clean,
T01759,0,clean,
T01760,0,clean,
T01761,1,bid_rigging_cartel,CARTEL001
T01762,0,clean,
T01763,0,clean,
T01764,0,clean,
T01765,0,clean,
T01766,0,clean,
T01767,0,clean,
T01768,0,clean,
T01769,0,clean,
T01770,0,clean,
T01771,0,clean,
T01772,0,clean,
T01773,0,clean,
T01774,0,clean,
T01775,0,clean,
T01776,0,clean,
T01777,0,clean,
T01778,0,clean,
T01779,0,clean,
T01780,0,clean,
T01781,0,clean,
T01782,0,clean,
T01783,0,clean,
T01784,0,clean,
T01785,0,clean,
T01786,0,clean,
T01787,0,clean,
T01788,0,clean,
T01789,0,clean,
T01790,0,clean,
T01791,0,clean,
T01792,0,clean,
T01793,0,clean,
T01794,0,clean,
T01795,0,clean,
T01796,0,clean,
T01797,0,clean,
T01798,0,clean,
T01799,0,clean,
T01800,0,clean,
T01801,0,clean,
T01802,0,clean,
T01803,0,clean,
T01804,0,clean,
T01805,0,clean,
T01806,0,clean,
T01807,0,clean,
T01808,0,clean,
T01809,0,clean,
T01810,0,clean,
T01811,0,clean,
T01812,0,clean,
T01813,0,clean,
T01814,0,clean,
T01815,0,clean,
T01816,0,clean,
T01817,0,clean,
T01818,0,clean,
T01819,0,clean,
T01820,0,clean,
T01821,0,clean,
T01822,0,clean,
T01823,0,clean,
T01824,0,clean,
T01825,0,clean,
T01826,0,clean,
T01827,0,clean,
T01828,0,clean,
T01829,0,clean,
T01830,0,clean,
T01831,0,clean,
T01832,0,clean,
T01833,0,clean,
T01834,0,clean,
T01835,0,clean,
T01836,0,clean,
T01837,0,clean,
T01838,0,clean,
T01839,0,clean,
T01840,0,clean,
T01841,0,clean,
T01842,0,clean,
T01843,0,clean,
T01844,0,clean,
T01845,0,clean,
T01846,0,clean,
T01847,0,clean,
T01848,0,clean,
T01849,0,clean,
T01850,0,clean,
T01851,0,clean,
T01852,0,clean,
T01853,0,clean,
T01854,0,clean,
T01855,0,clean,
T01856,0,clean,
T01857,0,clean,
T01858,0,clean,
T01859,0,clean,
T01860,0,clean,
T01861,0,clean,
T01862,1,bid_rigging_cartel,CARTEL000
T01863,0,clean,
T01864,1,bid_rigging_cartel,CARTEL001
T01865,0,clean,
T01866,0,clean,
T01867,0,clean,
T01868,0,clean,
T01869,1,bid_rigging_cartel,CARTEL001
T01870,0,clean,
T01871,0,clean,
T01872,0,clean,
T01873,0,clean,
T01874,0,clean,
T01875,0,clean,
T01876,0,clean,
T01877,0,clean,
T01878,0,clean,
T01879,0,clean,
T01880,0,clean,
T01881,0,clean,
T01882,0,clean,
T01883,0,clean,
T01884,0,clean,
T01885,0,clean,
T01886,0,clean,
T01887,0,clean,
T01888,0,clean,
T01889,0,clean,
T01890,0,clean,
T01891,0,clean,
T01892,0,clean,
T01893,0,clean,
T01895,0,clean,
T01896,0,clean,
T01897,1,bid_rigging_cartel,CARTEL001
T01898,0,clean,
T01900,0,clean,
T01902,0,clean,
T01903,0,clean,
T01904,0,clean,
T01905,0,clean,
T01906,0,clean,
T01907,0,clean,
T01908,0,clean,
T01909,0,clean,
T01910,0,clean,
T01911,0,clean,
T01912,0,clean,
T01913,0,clean,
T01914,0,clean,
T01915,0,clean,
T01916,0,clean,
T01917,0,clean,
T01918,0,clean,
T01919,0,clean,
T01920,0,clean,
T01921,0,clean,
T01922,0,clean,
T01923,1,employee_collusion,COLL004
T01924,0,clean,
T01925,0,clean,
T01926,0,clean,
T01927,0,clean,
T01928,0,clean,
T01929,1,employee_collusion,COLL000
T01930,0,clean,
T01931,0,clean,
T01932,0,clean,
T01933,0,clean,
T01934,0,clean,
T01935,0,clean,
T01936,0,clean,
T01937,0,clean,
T01938,0,clean,
T01939,0,clean,
T01940,0,clean,
T01941,0,clean,
T01942,0,clean,
T01943,0,clean,
T01944,0,clean,
T01945,0,clean,
T01946,0,clean,
T01947,0,clean,
T01948,0,clean,
T01949,0,clean,
T01950,0,clean,
T01951,0,clean,
T01952,0,clean,
T01953,0,clean,
T01954,0,clean,
T01955,0,clean,
T01956,0,clean,
T01957,0,clean,
T01958,0,clean,
T01959,0,clean,
T01961,0,clean,
T01962,0,clean,
T01963,0,clean,
T01964,0,clean,
T01965,0,clean,
T01966,0,clean,
T01967,0,clean,
T01968,0,clean,
T01969,0,clean,
T01970,0,clean,
T01971,0,clean,
T01972,1,employee_collusion,COLL001
T01973,0,clean,
T01974,0,clean,
T01975,0,clean,
T01976,0,clean,
T01977,0,clean,
T01978,0,clean,
T01979,0,clean,
T01980,0,clean,
T01981,0,clean,
T01982,0,clean,
T01983,0,clean,
T01984,0,clean,
T01985,0,clean,
T01986,0,clean,
T01987,0,clean,
T01988,0,clean,
T01989,0,clean,
T01990,0,clean,
T01991,1,round_number_abuse,
T01993,0,clean,
T01994,0,clean,
T01995,0,clean,
T01996,0,clean,
T01997,0,clean,
T01998,0,clean,
T01999,0,clean,
T02000,0,clean,
T02001,0,clean,
T02002,0,clean,
T02003,0,clean,
T02004,0,clean,
T02005,0,clean,
T02006,0,clean,
T02007,0,clean,
T02008,0,clean,
T02009,0,clean,
T02010,0,clean,
T02011,0,clean,
T02012,0,clean,
T02013,0,clean,
T02014,0,clean,
T02015,0,clean,
T02016,0,clean,
T02017,0,clean,
T02018,0,clean,
T02019,0,clean,
T02020,0,clean,
T02021,0,clean,
T02022,0,clean,
T02024,0,clean,
T02025,0,clean,
T02026,0,clean,
T02027,1,round_number_abuse,
T02028,0,clean,
T02029,0,clean,
T02030,0,clean,
T02031,0,clean,
T02032,0,clean,
T02033,0,clean,
T02034,0,clean,
T02035,0,clean,
T02036,0,clean,
T02037,1,employee_collusion,COLL000
T02038,0,clean,
T02039,0,clean,
T02040,0,clean,
T02041,0,clean,
T02042,0,clean,
T02043,0,clean,
T02044,0,clean,
T02045,0,clean,
T02046,0,clean,
T02047,0,clean,
T02048,0,clean,
T02049,0,clean,
T02050,0,clean,
T02051,0,clean,
T02052,0,clean,
T02053,0,clean,
T02054,0,clean,
T02055,0,clean,
T02056,0,clean,
T02057,0,clean,
T02058,0,clean,
T02059,0,clean,
T02060,0,clean,
T02061,0,clean,
T02062,0,clean,
T02063,0,clean,
T02064,0,clean,
T02065,0,clean,
T02066,0,clean,
T02067,0,clean,
T02068,0,clean,
T02069,0,clean,
T02070,0,clean,
T02071,0,clean,
T02072,0,clean,
T02073,0,clean,
T02074,0,clean,
T02075,0,clean,
T02076,0,clean,
T02077,0,clean,
T02078,0,clean,
T02079,1,bid_rigging_cartel,CARTEL001
T02080,0,clean,
T02081,0,clean,
T02082,0,clean,
T02083,0,clean,
T02084,0,clean,
T02085,0,clean,
T02086,0,clean,
T02087,0,clean,
T02088,0,clean,
T02089,0,clean,
T02090,0,clean,
T02091,0,clean,
T02092,0,clean,
T02093,0,clean,
T02094,0,clean,
T02095,0,clean,
T02096,0,clean,
T02097,0,clean,
T02098,0,clean,
T02099,0,clean,
T02100,0,clean,
T02101,0,clean,
T02102,0,clean,
T02103,0,clean,
T02104,0,clean,
T02105,0,clean,
T02106,0,clean,
T02107,0,clean,
T02109,0,clean,
T02110,0,clean,
T02111,0,clean,
T02112,0,clean,
T02113,0,clean,
T02114,0,clean,
T02115,0,clean,
T02116,0,clean,
T02117,0,clean,
T02118,1,employee_collusion,COLL001
T02119,0,clean,
T02120,0,clean,
T02121,0,clean,
T02122,0,clean,
T02123,0,clean,
T02124,0,clean,
T02125,0,clean,
T02126,0,clean,
T02127,0,clean,
T02128,0,clean,
T02129,0,clean,
T02130,0,clean,
T02131,0,clean,
T02132,0,clean,
T02133,0,clean,
T02134,0,clean,
T02135,0,clean,
T02137,0,clean,
T02138,0,clean,
T02139,0,clean,
T02140,0,clean,
T02141,0,clean,
T02142,0,clean,
T02143,0,clean,
T02144,0,clean,
T02145,0,clean,
T02146,0,clean,
T02147,0,clean,
T02148,0,clean,
T02149,0,clean,
T02150,0,clean,
T02151,0,clean,
T02152,0,clean,
T02153,0,clean,
T02154,1,bid_rigging_cartel,CARTEL000
T02155,0,clean,
T02156,0,clean,
T02157,0,clean,
T02158,0,clean,
T02159,0,clean,
T02160,0,clean,
T02161,0,clean,
T02162,0,clean,
T02163,0,clean,
T02164,0,clean,
T02165,0,clean,
T02166,0,clean,
T02167,0,clean,
T02168,0,clean,
T02169,0,clean,
T02170,0,clean,
T02171,0,clean,
T02172,0,clean,
T02173,0,clean,
T02174,0,clean,
T02175,0,clean,
T02176,0,clean,
T02177,0,clean,
T02178,0,clean,
T02179,0,clean,
T02180,0,clean,
T02181,0,clean,
T02182,0,clean,
T02183,0,clean,
T02184,0,clean,
T02185,0,clean,
T02186,0,clean,
T02187,0,clean,
T02188,0,clean,
T02189,0,clean,
T02190,0,clean,
T02191,0,clean,
T02192,0,clean,
T02193,0,clean,
T02194,0,clean,
T02195,0,clean,
T02196,0,clean,
T02197,0,clean,
T02198,0,clean,
T02199,0,clean,
T02200,0,clean,
T02201,0,clean,
T02202,0,clean,
T02203,0,clean,
T02204,0,clean,
T02205,0,clean,
T02206,0,clean,
T02207,0,clean,
T02208,0,clean,
T02209,0,clean,
T02210,0,clean,
T02211,0,clean,
T02212,0,clean,
T02213,0,clean,
T02214,0,clean,
T02215,0,clean,
T02216,0,clean,
T02217,1,employee_collusion,COLL005
T02218,0,clean,
T02219,0,clean,
T02220,0,clean,
T02221,0,clean,
T02222,1,employee_collusion,COLL001
T02223,0,clean,
T02224,0,clean,
T02225,0,clean,
T02226,0,clean,
T02227,0,clean,
T02228,0,clean,
T02229,0,clean,
T02230,1,bid_rigging_cartel,CARTEL000
T02231,0,clean,
T02232,0,clean,
T02233,0,clean,
T02234,0,clean,
T02235,0,clean,
T02236,0,clean,
T02237,0,clean,
T02238,0,clean,
T02239,0,clean,
T02240,0,clean,
T02241,0,clean,
T02242,0,clean,
T02243,0,clean,
T02244,0,clean,
T02245,0,clean,
T02246,1,employee_collusion,COLL005
T02247,1,bid_rigging_cartel,CARTEL001
T02248,0,clean,
T02249,1,round_number_abuse,
T02250,0,clean,
T02251,0,clean,
T02252,0,clean,
T02253,0,clean,
T02254,0,clean,
T02255,0,clean,
T02256,0,clean,
T02257,0,clean,
T02258,0,clean,
T02259,0,clean,
T02260,0,clean,
T02261,0,clean,
T02262,0,clean,
T02263,0,clean,
T02264,0,clean,
T02265,0,clean,
T02266,0,clean,
T02267,0,clean,
T02268,1,round_number_abuse,
T02269,0,clean,
T02270,0,clean,
T02271,0,clean,
T02272,0,clean,
T02273,0,clean,
T02274,0,clean,
T02275,0,clean,
T02276,0,clean,
T02277,0,clean,
T02278,0,clean,
T02279,0,clean,
T02280,0,clean,
T02281,0,clean,
T02282,0,clean,
T02283,0,clean,
T02284,0,clean,
T02285,0,clean,
T02286,1,employee_collusion,COLL005
T02287,0,clean,
T02288,0,clean,
T02289,0,clean,
T02290,0,clean,
T02291,0,clean,
T02292,0,clean,
T02293,0,clean,
T02294,0,clean,
T02295,0,clean,
T02296,0,clean,
T02297,0,clean,
T02298,0,clean,
T02299,0,clean,
T02300,0,clean,
T02301,0,clean,
T02302,0,clean,
T02303,0,clean,
T02304,1,bid_rigging_cartel,CARTEL001
T02305,0,clean,
T02306,0,clean,
T02307,0,clean,
T02308,0,clean,
T02309,0,clean,
T02310,0,clean,
T02311,0,clean,
T02312,0,clean,
T02313,0,clean,
T02314,0,clean,
T02315,0,clean,
T02316,0,clean,
T02317,0,clean,
T02318,0,clean,
T02319,0,clean,
T02320,0,clean,
T02321,0,clean,
T02322,0,clean,
T02323,0,clean,
T02324,0,clean,
T02325,0,clean,
T02326,0,clean,
T02327,0,clean,
T02328,1,employee_collusion,COLL002
T02329,0,clean,
T02330,0,clean,
T02331,0,clean,
T02332,0,clean,
T02333,0,clean,
T02334,0,clean,
T02335,0,clean,
T02336,0,clean,
T02337,0,clean,
T02338,0,clean,
T02339,0,clean,
T02340,0,clean,
T02341,0,clean,
T02342,1,round_number_abuse,
T02343,0,clean,
T02344,0,clean,
T02345,0,clean,
T02347,1,bid_rigging_cartel,CARTEL001
T02348,0,clean,
T02349,0,clean,
T02350,0,clean,
T02351,0,clean,
T02352,0,clean,
T02353,0,clean,
T02354,0,clean,
T02355,0,clean,
T02356,0,clean,
T02357,0,clean,
T02358,0,clean,
T02359,0,clean,
T02360,0,clean,
T02361,0,clean,
T02362,0,clean,
T02363,0,clean,
T02364,0,clean,
T02365,0,clean,
T02366,1,round_number_abuse,
T02367,0,clean,
T02368,0,clean,
T02369,0,clean,
T02370,0,clean,
T02371,0,clean,
T02372,0,clean,
T02373,0,clean,
T02374,1,round_number_abuse,
T02375,0,clean,
T02376,1,employee_collusion,COLL001
T02377,0,clean,
T02378,0,clean,
T02379,0,clean,
T02380,0,clean,
T02381,0,clean,
T02382,0,clean,
T02383,0,clean,
T02384,0,clean,
T02385,0,clean,
T02386,0,clean,
T02387,0,clean,
T02388,0,clean,
T02389,0,clean,
T02390,0,clean,
T02391,0,clean,
T02392,0,clean,
T02393,1,bid_rigging_cartel,CARTEL001
T02394,0,clean,
T02395,1,bid_rigging_cartel,CARTEL001
T02396,0,clean,
T02397,0,clean,
T02398,0,clean,
T02399,0,clean,
T02400,0,clean,
T02401,0,clean,
T02402,0,clean,
T02403,0,clean,
T02404,0,clean,
T02405,0,clean,
T02406,0,clean,
T02407,0,clean,
T02408,0,clean,
T02409,0,clean,
T02410,0,clean,
T02411,0,clean,
T02412,0,clean,
T02413,0,clean,
T02414,0,clean,
T02415,0,clean,
T02416,0,clean,
T02417,0,clean,
T02418,0,clean,
T02419,0,clean,
T02420,0,clean,
T02421,0,clean,
T02422,0,clean,
T02423,0,clean,
T02424,0,clean,
T02425,0,clean,
T02426,0,clean,
T02427,1,employee_collusion,COLL005
T02428,0,clean,
T02429,0,clean,
T02430,0,clean,
T02431,0,clean,
T02432,0,clean,
T02433,0,clean,
T02434,0,clean,
T02435,0,clean,
T02436,0,clean,
T02437,0,clean,
T02438,0,clean,
T02439,0,clean,
T02440,0,clean,
T02441,0,clean,
T02442,0,clean,
T02443,0,clean,
T02444,0,clean,
T02446,0,clean,
T02447,0,clean,
T02448,0,clean,
T02449,0,clean,
T02450,0,clean,
T02451,0,clean,
T02452,0,clean,
T02453,0,clean,
T02455,0,clean,
T02456,0,clean,
T02457,1,employee_collusion,COLL004
T02458,0,clean,
T02459,0,clean,
T02460,0,clean,
T02461,0,clean,
T02462,0,clean,
T02463,0,clean,
T02464,0,clean,
T02465,0,clean,
T02466,1,round_number_abuse,
T02467,0,clean,
T02469,0,clean,
T02470,0,clean,
T02471,0,clean,
T02472,0,clean,
T02473,0,clean,
T02474,0,clean,
T02475,0,clean,
T02476,1,bid_rigging_cartel|round_number_abuse,CARTEL001
T02477,0,clean,
T02478,0,clean,
T02479,0,clean,
T02480,0,clean,
T02481,1,employee_collusion,COLL001
T02482,0,clean,
T02483,0,clean,
T02484,0,clean,
T02485,0,clean,
T02486,0,clean,
T02487,0,clean,
T02488,0,clean,
T02489,0,clean,
T02490,0,clean,
T02491,0,clean,
T02492,0,clean,
T02493,0,clean,
T02494,0,clean,
T02495,0,clean,
T02496,0,clean,
T02497,0,clean,
T02498,0,clean,
T02499,0,clean,
T02500,0,clean,
T02501,0,clean,
T02502,0,clean,
T02503,0,clean,
T02504,0,clean,
T02505,0,clean,
T02506,0,clean,
T02507,0,clean,
T02508,0,clean,
T02509,0,clean,
T02510,0,clean,
T02511,0,clean,
T02512,0,clean,
T02513,0,clean,
T02514,0,clean,
T02515,0,clean,
T02516,0,clean,
T02517,0,clean,
T02518,0,clean,
T02519,0,clean,
T02520,0,clean,
T02521,0,clean,
T02522,0,clean,
T02523,0,clean,
T02524,0,clean,
T02525,0,clean,
T02526,0,clean,
T02527,0,clean,
T02528,0,clean,
T02529,0,clean,
T02530,0,clean,
T02532,1,bid_rigging_cartel,CARTEL001
T02533,0,clean,
T02534,0,clean,
T02535,0,clean,
T02536,0,clean,
T02537,0,clean,
T02538,0,clean,
T02539,0,clean,
T02540,0,clean,
T02541,0,clean,
T02542,0,clean,
T02543,0,clean,
T02544,0,clean,
T02545,0,clean,
T02546,0,clean,
T02547,0,clean,
T02548,0,clean,
T02549,0,clean,
T02550,0,clean,
T02551,0,clean,
T02552,0,clean,
T02553,0,clean,
T02554,0,clean,
T02555,0,clean,
T02556,0,clean,
T02558,0,clean,
T02559,0,clean,
T02560,0,clean,
T02561,0,clean,
T02562,0,clean,
T02563,0,clean,
T02564,0,clean,
T02565,0,clean,
T02566,0,clean,
T02567,0,clean,
T02568,0,clean,
T02569,0,clean,
T02570,0,clean,
T02571,0,clean,
T02572,0,clean,
T02573,0,clean,
T02574,0,clean,
T02575,0,clean,
T02576,0,clean,
T02577,0,clean,
T02578,0,clean,
T02579,0,clean,
T02580,0,clean,
T02581,0,clean,
T02582,0,clean,
T02583,0,clean,
T02584,0,clean,
T02585,0,clean,
T02586,0,clean,
T02587,0,clean,
T02588,0,clean,
T02589,0,clean,
T02590,1,bid_rigging_cartel,CARTEL001
T02591,0,clean,
T02592,0,clean,
T02593,0,clean,
T02594,0,clean,
T02595,0,clean,
T02596,0,clean,
T02597,0,clean,
T02598,0,clean,
T02599,0,clean,
T02600,0,clean,
T02601,0,clean,
T02602,0,clean,
T02603,0,clean,
T02604,0,clean,
T02605,0,clean,
T02606,0,clean,
T02607,0,clean,
T02608,0,clean,
T02609,0,clean,
T02610,0,clean,
T02611,0,clean,
T02612,1,employee_collusion,COLL002
T02613,0,clean,
T02614,0,clean,
T02615,0,clean,
T02616,0,clean,
T02617,0,clean,
T02618,0,clean,
T02619,0,clean,
T02620,0,clean,
T02621,0,clean,
T02622,0,clean,
T02623,0,clean,
T02624,0,clean,
T02625,0,clean,
T02626,0,clean,
T02628,0,clean,
T02629,0,clean,
T02630,0,clean,
T02631,0,clean,
T02632,0,clean,
T02633,0,clean,
T02634,0,clean,
T02635,0,clean,
T02636,0,clean,
T02637,0,clean,
T02638,0,clean,
T02639,0,clean,
T02640,0,clean,
T02641,0,clean,
T02642,0,clean,
T02643,0,clean,
T02644,0,clean,
T02645,0,clean,
T02646,0,clean,
T02647,0,clean,
T02648,0,clean,
T02649,0,clean,
T02650,0,clean,
T02651,0,clean,
T02652,0,clean,
T02653,0,clean,
T02654,0,clean,
T02655,0,clean,
T02656,0,clean,
T02657,0,clean,
T02658,0,clean,
T02659,0,clean,
T02660,0,clean,
T02661,0,clean,
T02662,0,clean,
T02663,0,clean,
T02664,0,clean,
T02665,0,clean,
T02666,0,clean,
T02667,0,clean,
T02668,0,clean,
T02669,1,employee_collusion,COLL003
T02670,0,clean,
T02671,0,clean,
T02672,0,clean,
T02673,0,clean,
T02674,0,clean,
T02675,0,clean,
T02676,0,clean,
T02677,0,clean,
T02678,0,clean,
T02679,0,clean,
T02680,0,clean,
T02681,1,employee_collusion,COLL000
T02682,0,clean,
T02683,1,bid_rigging_cartel,CARTEL000
T02684,0,clean,
T02685,0,clean,
T02686,0,clean,
T02687,0,clean,
T02688,0,clean,
T02689,0,clean,
T02690,0,clean,
T02691,0,clean,
T02692,0,clean,
T02693,0,clean,
T02694,0,clean,
T02695,0,clean,
T02696,0,clean,
T02697,0,clean,
T02698,0,clean,
T02699,0,clean,
T02700,0,clean,
T02701,0,clean,
T02702,0,clean,
T02703,0,clean,
T02704,0,clean,
T02705,0,clean,
T02706,0,clean,
T02707,0,clean,
T02708,0,clean,
T02709,0,clean,
T02710,0,clean,
T02711,0,clean,
T02712,0,clean,
T02713,0,clean,
T02714,0,clean,
T02715,0,clean,
T02716,0,clean,
T02717,0,clean,
T02718,0,clean,
T02719,0,clean,
T02720,0,clean,
T02721,0,clean,
T02722,0,clean,
T02723,0,clean,
T02724,0,clean,
T02725,0,clean,
T02726,0,clean,
T02728,0,clean,
T02729,0,clean,
T02730,0,clean,
T02731,0,clean,
T02732,0,clean,
T02733,0,clean,
T02734,0,clean,
T02735,0,clean,
T02736,0,clean,
T02737,0,clean,
T02738,0,clean,
T02739,0,clean,
T02740,0,clean,
T02741,0,clean,
T02742,0,clean,
T02743,0,clean,
T02744,0,clean,
T02745,0,clean,
T02746,0,clean,
T02747,0,clean,
T02748,0,clean,
T02749,0,clean,
T02750,0,clean,
T02751,0,clean,
T02752,0,clean,
T02753,0,clean,
T02754,0,clean,
T02755,0,clean,
T02756,0,clean,
T02757,0,clean,
T02758,0,clean,
T02759,0,clean,
T02760,0,clean,
T02762,0,clean,
T02763,0,clean,
T02764,0,clean,
T02765,0,clean,
T02766,0,clean,
T02767,0,clean,
T02768,0,clean,
T02769,0,clean,
T02770,0,clean,
T02771,0,clean,
T02772,0,clean,
T02773,0,clean,
T02774,0,clean,
T02775,0,clean,
T02776,0,clean,
T02777,0,clean,
T02778,0,clean,
T02779,0,clean,
T02780,0,clean,
T02781,0,clean,
T02782,0,clean,
T02783,0,clean,
T02784,0,clean,
T02785,0,clean,
T02786,0,clean,
T02787,0,clean,
T02788,0,clean,
T02789,0,clean,
T02790,0,clean,
T02791,0,clean,
T02792,0,clean,
T02793,0,clean,
T02794,0,clean,
T02795,0,clean,
T02796,0,clean,
T02797,0,clean,
T02798,0,clean,
T02799,0,clean,
T02800,0,clean,
T02801,0,clean,
T02802,0,clean,
T02803,0,clean,
T02804,0,clean,
T02805,0,clean,
T02806,0,clean,
T02807,0,clean,
T02808,0,clean,
T02809,0,clean,
T02810,0,clean,
T02811,0,clean,
T02812,0,clean,
T02813,0,clean,
T02814,0,clean,
T02815,0,clean,
T02816,0,clean,
T02817,0,clean,
T02818,0,clean,
T02820,0,clean,
T02821,0,clean,
T02822,0,clean,
T02823,0,clean,
T02824,0,clean,
T02825,0,clean,
T02826,0,clean,
T02827,0,clean,
T02828,0,clean,
T02829,0,clean,
T02830,0,clean,
T02831,0,clean,
T02832,0,clean,
T02833,0,clean,
T02834,0,clean,
T02835,0,clean,
T02836,0,clean,
T02837,0,clean,
T02838,0,clean,
T02839,0,clean,
T02840,0,clean,
T02841,0,clean,
T02842,0,clean,
T02843,0,clean,
T02844,0,clean,
T02845,0,clean,
T02846,0,clean,
T02847,0,clean,
T02848,0,clean,
T02849,0,clean,
T02850,0,clean,
T02851,0,clean,
T02852,0,clean,
T02853,0,clean,
T02854,0,clean,
T02855,0,clean,
T02856,0,clean,
T02857,0,clean,
T02858,0,clean,
T02859,0,clean,
T02860,0,clean,
T02861,0,clean,
T02862,0,clean,
T02863,0,clean,
T02864,0,clean,
T02865,0,clean,
T02866,0,clean,
T02867,0,clean,
T02868,0,clean,
T02869,0,clean,
T02870,0,clean,
T02871,0,clean,
T02872,0,clean,
T02873,0,clean,
T02874,0,clean,
T02875,0,clean,
T02876,0,clean,
T02877,0,clean,
T02878,0,clean,
T02879,0,clean,
T02880,0,clean,
T02881,0,clean,
T02882,0,clean,
T02883,0,clean,
T02884,0,clean,
T02885,0,clean,
T02886,0,clean,
T02887,0,clean,
T02888,0,clean,
T02889,0,clean,
T02890,0,clean,
T02891,0,clean,
T02892,0,clean,
T02893,0,clean,
T02894,0,clean,
T02895,0,clean,
T02896,0,clean,
T02897,0,clean,
T02898,0,clean,
T02899,0,clean,
T02900,0,clean,
T02901,0,clean,
T02902,0,clean,
T02903,0,clean,
T02904,0,clean,
T02905,0,clean,
T02906,0,clean,
T02907,0,clean,
T02908,0,clean,
T02909,0,clean,
T02910,0,clean,
T02911,0,clean,
T02912,0,clean,
T02913,0,clean,
T02914,0,clean,
T02915,0,clean,
T02916,0,clean,
T02917,0,clean,
T02918,0,clean,
T02919,0,clean,
T02920,0,clean,
T02921,0,clean,
T02922,0,clean,
T02923,0,clean,
T02924,0,clean,
T02925,0,clean,
T02926,0,clean,
T02927,0,clean,
T02929,0,clean,
T02930,0,clean,
T02931,0,clean,
T02932,0,clean,
T02933,0,clean,
T02934,0,clean,
T02935,0,clean,
T02936,0,clean,
T02937,0,clean,
T02938,0,clean,
T02939,0,clean,
T02940,0,clean,
T02941,0,clean,
T02942,0,clean,
T02943,1,bid_rigging_cartel,CARTEL000
T02944,0,clean,
T02945,0,clean,
T02946,0,clean,
T02947,0,clean,
T02948,0,clean,
T02949,0,clean,
T02950,0,clean,
T02951,0,clean,
T02952,0,clean,
T02953,0,clean,
T02954,0,clean,
T02955,0,clean,
T02956,0,clean,
T02957,0,clean,
T02958,0,clean,
T02959,0,clean,
T02960,0,clean,
T02961,0,clean,
T02962,0,clean,
T02963,0,clean,
T02964,0,clean,
T02965,0,clean,
T02966,0,clean,
T02967,0,clean,
T02968,0,clean,
T02969,0,clean,
T02970,0,clean,
T02971,0,clean,
T02972,0,clean,
T02973,0,clean,
T02974,0,clean,
T02975,0,clean,
T02976,0,clean,
T02977,0,clean,
T02978,0,clean,
T02979,0,clean,
T02980,0,clean,
T02981,0,clean,
T02982,0,clean,
T02983,0,clean,
T02984,0,clean,
T02985,0,clean,
T02986,0,clean,
T02987,0,clean,
T02988,1,round_number_abuse,
T02989,0,clean,
T02990,0,clean,
T02991,0,clean,
T02992,0,clean,
T02993,0,clean,
T02994,0,clean,
T02995,0,clean,
T02996,1,round_number_abuse,
T02997,0,clean,
T02998,0,clean,
T02999,0,clean,
T00860-S0,1,po_splitting,SPLIT000
T00860-S1,1,po_splitting,SPLIT000
T00860-S2,1,po_splitting,SPLIT000
T00458-S0,1,po_splitting,SPLIT001
T00458-S1,1,po_splitting,SPLIT001
T00458-S2,1,po_splitting,SPLIT001
T00872-S0,1,po_splitting,SPLIT002
T00872-S1,1,po_splitting,SPLIT002
T00872-S2,1,po_splitting,SPLIT002
T00872-S3,1,po_splitting,SPLIT002
T00872-S4,1,po_splitting,SPLIT002
T00872-S5,1,po_splitting,SPLIT002
T00832-S0,1,po_splitting,SPLIT003
T00832-S1,1,po_splitting,SPLIT003
T00036-S0,1,po_splitting,SPLIT004
T00036-S1,1,po_splitting,SPLIT004
T00036-S2,1,po_splitting,SPLIT004
T01336-S0,1,po_splitting,SPLIT005
T01336-S1,1,po_splitting,SPLIT005
T01336-S2,1,po_splitting,SPLIT005
T02346-S0,1,po_splitting,SPLIT006
T02346-S1,1,po_splitting,SPLIT006
T02346-S2,1,po_splitting,SPLIT006
T00502-S0,1,po_splitting,SPLIT007
T00502-S1,1,po_splitting,SPLIT007
T02108-S0,1,po_splitting,SPLIT008
T02108-S1,1,po_splitting,SPLIT008
T02108-S2,1,po_splitting,SPLIT008
T02468-S0,1,po_splitting,SPLIT009
T02468-S1,1,po_splitting,SPLIT009
T02468-S2,1,po_splitting,SPLIT009
T01960-S0,1,po_splitting,SPLIT010
T01960-S1,1,po_splitting,SPLIT010
T02928-S0,1,po_splitting,SPLIT011
T02928-S1,1,po_splitting,SPLIT011
T02928-S2,1,po_splitting,SPLIT011
T02928-S3,1,po_splitting,SPLIT011
T02928-S4,1,po_splitting,SPLIT011
T02928-S5,1,po_splitting,SPLIT011
T00716-S0,1,po_splitting,SPLIT012
T00716-S1,1,po_splitting,SPLIT012
T00716-S2,1,po_splitting,SPLIT012
T00351-S0,1,po_splitting,SPLIT013
T00351-S1,1,po_splitting,SPLIT013
T02727-S0,1,po_splitting,SPLIT014
T02727-S1,1,po_splitting,SPLIT014
T02727-S2,1,po_splitting,SPLIT014
T02454-S0,1,po_splitting,SPLIT015
T02454-S1,1,po_splitting,SPLIT015
T02454-S2,1,po_splitting,SPLIT015
T00497-S0,1,po_splitting,SPLIT016
T00497-S1,1,po_splitting,SPLIT016
T02761-S0,1,po_splitting,SPLIT017
T02761-S1,1,po_splitting,SPLIT017
T02761-S2,1,po_splitting,SPLIT017
T00233-S0,1,po_splitting,SPLIT018
T00233-S1,1,po_splitting,SPLIT018
T02819-S0,1,po_splitting,SPLIT019
T02819-S1,1,po_splitting,SPLIT019
T02819-S2,1,po_splitting,SPLIT019
T02819-S3,1,po_splitting,SPLIT019
T02819-S4,1,po_splitting,SPLIT019
T02557-S0,1,po_splitting,SPLIT020
T02557-S1,1,po_splitting,SPLIT020
T02557-S2,1,po_splitting,SPLIT020
T01901-S0,1,po_splitting,SPLIT021
T01901-S1,1,po_splitting,SPLIT021
T01901-S2,1,po_splitting,SPLIT021
T00415-S0,1,po_splitting,SPLIT022
T00415-S1,1,po_splitting,SPLIT022
T00093-S0,1,po_splitting,SPLIT023
T00093-S1,1,po_splitting,SPLIT023
T00093-S2,1,po_splitting,SPLIT023
T00527-S0,1,po_splitting,SPLIT024
T00527-S1,1,po_splitting|round_number_abuse,SPLIT024
T01256-S0,1,po_splitting,SPLIT025
T01256-S1,1,po_splitting,SPLIT025
T01256-S2,1,po_splitting,SPLIT025
T01256-S3,1,po_splitting,SPLIT025
T01256-S4,1,po_splitting,SPLIT025
T02023-S0,1,po_splitting,SPLIT026
T02023-S1,1,po_splitting,SPLIT026
T02023-S2,1,po_splitting,SPLIT026
T01257-S0,1,po_splitting,SPLIT027
T01257-S1,1,po_splitting,SPLIT027
T01257-S2,1,po_splitting,SPLIT027
T02445-S0,1,po_splitting,SPLIT028
T02445-S1,1,po_splitting,SPLIT028
T00828-S0,1,po_splitting,SPLIT029
T00828-S1,1,po_splitting,SPLIT029
T00828-S2,1,po_splitting,SPLIT029
T02136-S0,1,po_splitting,SPLIT030
T02136-S1,1,po_splitting,SPLIT030
T01992-S0,1,po_splitting,SPLIT031
T01992-S1,1,po_splitting,SPLIT031
T01894-S0,1,po_splitting,SPLIT032
T01894-S1,1,po_splitting,SPLIT032
T01894-S2,1,po_splitting,SPLIT032
T01894-S3,1,po_splitting,SPLIT032
T01894-S4,1,po_splitting,SPLIT032
T01894-S5,1,po_splitting,SPLIT032
T01899-S0,1,po_splitting,SPLIT033
T01899-S1,1,po_splitting,SPLIT033
T01899-S2,1,po_splitting,SPLIT033
T02627-S0,1,po_splitting,SPLIT034
T02627-S1,1,po_splitting,SPLIT034
T02627-S2,1,po_splitting,SPLIT034
T02531-S0,1,po_splitting,SPLIT035
T02531-S1,1,po_splitting,SPLIT035
T02531-S2,1,po_splitting,SPLIT035
T02531-S3,1,po_splitting,SPLIT035
T00848-D,1,duplicate_invoice,DUP000
T00146-D,1,duplicate_invoice,DUP001
T00035-D,1,duplicate_invoice,DUP002
T01891-D,1,duplicate_invoice,DUP003
T01263-D,1,duplicate_invoice,DUP004
T01202-D,1,duplicate_invoice,DUP005
T01547-D,1,duplicate_invoice,DUP006
T00652-D,1,duplicate_invoice,DUP007
T01893-D,1,duplicate_invoice,DUP008
T01967-D,1,duplicate_invoice,DUP009
T00483-D,1,duplicate_invoice,DUP010
T01912-D,1,duplicate_invoice,DUP011
T02489-D,1,duplicate_invoice,DUP012
T00639-D,1,duplicate_invoice,DUP013
T01681-D,1,duplicate_invoice,DUP014
T00216-D,1,duplicate_invoice,DUP015
T01883-D,1,duplicate_invoice,DUP016
T02727-S0-D,1,duplicate_invoice,DUP017
T02606-D,1,duplicate_invoice,DUP018
T00831-D,1,duplicate_invoice,DUP019
T02263-D,1,duplicate_invoice,DUP020
T02518-D,1,duplicate_invoice,DUP021
T01942-D,1,duplicate_invoice,DUP022
T00894-D,1,duplicate_invoice,DUP023
T01410-D,1,duplicate_invoice,DUP024
T01161-D,1,duplicate_invoice,DUP025
T01291-D,1,duplicate_invoice,DUP026
T01330-D,1,duplicate_invoice,DUP027
T01659-D,1,duplicate_invoice,DUP028
T02546-D,1,duplicate_invoice,DUP029
TG00000,1,ghost_vendor,GHOST000
TG00001,1,ghost_vendor,GHOST000
TG00100,1,ghost_vendor,GHOST001
TG00101,1,ghost_vendor,GHOST001
TG00200,1,ghost_vendor,GHOST002
TG00201,1,ghost_vendor,GHOST002
TG00202,1,ghost_vendor,GHOST002
TG00203,1,ghost_vendor,GHOST002
TG00300,1,ghost_vendor,GHOST003
TG00301,1,ghost_vendor,GHOST003
TG00302,1,ghost_vendor,GHOST003
TG00400,1,ghost_vendor,GHOST004
TG00401,1,ghost_vendor,GHOST004
TG00402,1,ghost_vendor,GHOST004
TG00500,1,ghost_vendor,GHOST005
TG00501,1,ghost_vendor,GHOST005
TG00502,1,ghost_vendor,GHOST005
TG00600,1,ghost_vendor,GHOST006
TG00601,1,ghost_vendor,GHOST006
TG00602,1,ghost_vendor,GHOST006
TG00603,1,ghost_vendor,GHOST006
TG00700,1,ghost_vendor,GHOST007
TG00701,1,ghost_vendor,GHOST007
TG00800,1,ghost_vendor,GHOST008
TG00801,1,ghost_vendor,GHOST008
